,I Year,,To be given for 12 sections,,,,,,,,,,,,,,,,
,21CSC101T Object Oriented design and programming (G Slot),,,,21GNH101J,Philosophy of Engineering (C Slot),,,,,,,,,,,,,
1,CS Cloud Computing,AH1,Dr.M.Anand,,CS Cloud Computing,AH1,Dr.Indhra Bhoosan,,,,,,,,,,,,
2,CS Cloud Computing,AH2,Dr.M.Anand  ,,CS Cloud Computing,AH2,Dr.Indhra Bhoosan 2,,,,,,,,,,,,
3,CS Cloud Computing,AI1,,,CS Cloud Computing,AI1,Dr. Deepika,,,,,,,,,,,,
,CS Cyber Security,,Dr.Swathy,,CS Cyber Security,,,,,,,,,,,,,,
4,CS Cyber Security,AJ1,Dr.Nallarasan,,CS Cyber Security,AJ1,Dr.Rajaram,,,,,,,,,,,,
5,CS Cyber Security,AK1,Dr.Mahendran,,CS Cyber Security,AK1,Dr.Deepa,,,,,,,,,,,,
6,CS Cyber Security,AL1,Dr.S.Priyanka,,CS Cyber Security,AL1,Ms.Preethi,,,,,,,,,,,,
7,CS Cyber Security,AI2,Dr.Ashok Kumar,,CS Cyber Security,AI2,Dr.Manickam,,,,,,,,,,,,
8,CS Cyber Security,AJ2,Dr.Nallarasan 2,,CS Cyber Security,AJ2,Dr.Mursal,,,,,,,,,,,,
9,CS Cyber Security,AK2,Ms.Vennila,,CS Cyber Security,AK2,Dr.Suseela,,,,,,,,,,,,
,CS Cyber Security,AL2,Dr.Avinash,,CS Cyber Security,AL2,,,,,,,,,,,,,,
10,CS DevOps,,,,CS DevOps,,,,,,,,,,,,,,
,CS Bigdata,,,,CS Bigdata,,Ms.Priyasri,,,,,,,,,,,,
,CS SWE,AO1,,,CS SWE,AO1,,,,,,,,,,,,,
11,CS CN,,,,CS CN,,,,,,,,,,,,,,
,M.Tech (Int) CC,,,,M.Tech (Int) CC,,,,,,,,,,,,,,
,Nanotechnology,AP1,,,Nanotechnology,AP1,,,,,,,,,,,,,
12,M.Tech (Int) Material Sc,,,,M.Tech (Int) Material Sc,,,,,,,,,,,,,,
,M.Tech (Int) CSDF,,,,M.Tech (Int) CSDF,,,,,,,,,,,,,,
,CS Maths & Computing,,,,CS Maths & Computing,,,,,,,,,,,,,,
,CS Data Science,AC2,,,CS Data Science,AC2,,,,,,,,,,,,,
13,CS IT,,,,CS IT,,,,,,,,,,,,,,
14,CS IT,AD2,Dr.Siva Kumar,,CS IT,AD2,,POE  studied in 1st sem,,,,,,,,,,,
,CS IT,AE2,Dr.Asha Abraham,,CS IT,AE2,,,,,,,,,,,,,,
15,CS IOT,,,,CS IOT,,,,,,,,,,,,,,
,,,,,,,,,,,,,,,,,,,
,,,,,,,,,,,,,,,,,,,
,II Year,,,,,,,,,,,,,,,,,,
,21CSC204J,Design and Analysis of Algorithms (B Slot),,,21CSC205P,Database Management Systems (D slot),,,21CSC206T,Artificial Intelligence (F slot),,,21DCS201P Design Thinking and Methodology (G Slot),,,,21PDH201T,Social Engineering (E slot),
1,U1,CC,Dr.Prabu Cahakravarthy,,U1,CC,Dr.Visalakshi,,U1,CC,Dr.Benisha,,U1,CC,Dr.L.N.B.Srinivas,,U1,CC,Dr.Manickam
2,V1,CC,Dr.Divya G,,V1,CC,Dr.Meenakshi,,V1,CC,Dr.Sai Santhiya,,V1,CC,Dr.Karthikeyan,,V1,CC,Dr.Mursal
3,W1,CS,Dr.Jesi,,W1,CS,Dr.Saranys G,,W1,CS,Dr.M.Mahalakshmi,,W1,CS,Dr.Supraja,,W1,CS,Ms.Padmavathy
4,X1,CS,Dr.Prabu Cahakravarthy 2,,X1,CS,Dr.Geetha,,X1,CS,Dr. Deepa,,X1,CS,Dr.S. Murugaanandam,,X1,CS,Dr.Gouthaman
5,Y1,CS,Dr.Mary Subaja,,Y1,CS,Dr.Parimala G,,Y1,CS,Ms. Preethi,,Y1,CS,Dr.M.Safa,,Y1,CS,Dr.Yamini
6,Z1,CS,Dr.Vedhavathy,,Z1,CS,Dr. P.Mahalakshmi,,Z1,CS,Dr.Asha Abraham,,Z1,CS,Dr.T.Balachander,,Z1,CS,Dr.Lakshmi Devi
7,AA1,CS,Dr.Mahendran,,AA1,CS,Dr.Rajalakshmi,,AA1,CS,Dr.Vijayalakshmi,,AA1,CS,Dr.K.Venkatesh,,AA1,CS,Dr.S.Priyanka
8,U2,CS,Dr.Sujatha G,,U2,CS,Dr.Sundarrajan,,U2,CS,Dr.Deepika,,U2,CS,Dr.Vaishnavi Moorthy,,U2,CS,Dr.Shanmuganathan
9,V2,CS,Dr.Praveena,,V2,CS,Dr.Deepa thilak,,V2,CS,Dr.Helen,,V2,CS,Dr.M.Mahalakshmi,,V2,CS,Dr.SivaMohan
10,W2,CN + ISCF,Dr.Balaji Srikanth,,W2,CN + ISCF,Dr.Kalai Selvi,,W2,CN + ISCF,Dr.Venkata Narayana,,W2,CN + ISCF,Dr.R.Swathy,,W2,CN + ISCF,Dr.Kanmani
11,X2,CN,Dr.Yamini,,X2,CN,Dr.Balakiruthika,,X2,CN,Dr.Rohan Kumar,,X2,CN,Dr. Mahalakshmi.P,,X2,CN,Ms.Padmavathy 2
12,Y2,IT,Dr.Stephen Dhas,,Y2,IT,Dr.Kanmani,,Y2,IT,Dr.V.M.Gayathri,,Y2,IT,Dr. C.Fancy,,Y2,IT,Dr.Praveena akki
13,Z2,IT,Dr.Jeyaselvi,,Z2,IT,Dr.Ashok Kumar,,Z2,IT,Dr. Koyel ,,Z2,IT,Dr. S. Thenmalar,,Z2,IT,Dr.Vedhavathy
14,AA2,IOT,Dr.Venkata Narayana,,AA2,IOT,Dr.Dayana,,AA2,IOT,Dr.Angayarkanni,,AA2,IOT,Dr.Supraja 2,,AA2,IOT,Dr.Koyal Gosh
,,,,,,,,,,,,,,,,,,,
,,,,,,,,,,,,,,,,,,,
,III Year,,,,,,,,,,,,,,,,,,
,21CSS303T,Data Science,F slot,,21CSC303J,Software Engineering and Project Management,B slot,,21LEM302T,Indian Traditional Knowledge,,,Special core,,C slot,,,,
1,U1,Cloud,Dr.Justina,,U1,Cloud,Dr.Saveetha,,U1,Cloud,Dr.Senthamarai,,21CSC316J Cloud Architecture and Protocols,U1,Cloud,Dr.Vijay Vasanth,,,
2,V1,Cloud,Dr.Lakshmi Devi,,V1,Cloud,Dr.Savaridasan,,V1,Cloud,Dr.Lakshmi Devi,,,V1,Cloud,Dr.Ramya,,,
3,W1,Cloud,Dr.Ramesh,,W1,Cloud,Dr.Gouthaman,,W1,Cloud,Dr.Fancy,,,W1,Cloud,Dr.Vasanth Kumar,,,
4,X1,Cyber,Dr.Rajesh Kumar,,X1,Cyber,Dr.Geetha,,X1,Cyber,Dr.Karthikeyan,,21CSC310J Malware Analysis,X1,Cyber,Dr.Suseela,,,
5,Y1,Cyber,Ms.Carline,,Y1,Cyber,Dr.Lakshmi Narayanan,,Y1,Cyber,Dr.Lakshmi Narayanan,,,Y1,Cyber,Dr.Nithya,,,
6,Z1,Cyber,Dr.Ramya,,Z1,Cyber,Ms. R.Abirami,,Z1,Cyber,Dr.Deepa,,,Z1,Cyber,Dr.Kayalvizhi,,,
7,AA1,Cyber,Dr.N .Saravanan,,AA1,Cyber,Dr.Dayana,,AA1,Cyber,Dr.Dayana,,,AA1,Cyber,Dr.Balaji Srikanth,,,
8,T2,Cyber,Ms. Jasmine,,T2,Cyber,Dr.Rajaram,,T2,Cyber,Dr.SivaKumar,,,T2,Cyber,Dr.Sundarrajan,,,
9,U2,"Cyber, M.Tech(I)",Dr.Avinash,,U2,"Cyber, M.Tech(I)",Dr.Banu Priya,,U2,"Cyber, M.Tech(I)",Dr.Deepika,,,U2,"Cyber, M.Tech(I)",Dr.Tamil Selvi,,,
10,V2,CS CN,Dr.Meenakshi,,V2,CS CN,Dr.Deepa Thilak,,V2,CS CN,Dr.Muruganandham,,21CSC312J Mobile Adhoc Networks,V2,CS CN,Dr.Meena LC,,,
11,W2,"CS CN, CS IT",Dr.Preethiya,,W2,"CS CN, CS IT",Dr.Kalai Selvi,,W2,"CS CN, CS IT",Dr.Swathy,,,W2,"CS CN,(20)",Dr.Fancy,,,
12,X2,CS IT,Dr.Rohan Kumar,,X2,CS IT,Dr. Balakirutyhiga,,X2,CS IT,Dr.Nithya,,21CSC317J Information Retrieval Techniques,,CS IT(39),Dr.Saranya ,,,
13,Y2,"CS IT,CS IOT",Ms.Carline 2,,Y2,"CS IT,CS IOT",Dr.Niveditha,,Y2,"CS IT,CS IOT",Dr.Nivedhitha,,,X2,CS IT,Dr.Arun,,,
14,Z2,CS IOT,Dr.Meena LC,,Z2,CS IOT,Dr.Siva Mohan,,Z2,CS IOT,Dr.Maranco,,,Y2,CS IT(39),Dr.Gayathri,,,
,,,,,,,,,,,,,21CSC315J Fog Computing,,CS IOT(19),Dr.Prasath,,,
,,,,,,,,,,,,,,Z2,CS IOT,Dr.N.Saravanan,,,
